insert into users (id, firsName, lastName, DNI, email, password, imgUser) values (1, 'Gertrudis', 'Scrine', '50-340-8119', 'gscrine0@rediff.com', 'Zulu', 'https://robohash.org/porroestquaerat.png?size=50x50&set=set1');
insert into users (id, firsName, lastName, DNI, email, password, imgUser) values (2, 'Sandor', 'Rickman', '35-496-4119', 'srickman1@va.gov', 'Tetum', 'https://robohash.org/quibusdamatquesit.png?size=50x50&set=set1');
insert into users (id, firsName, lastName, DNI, email, password, imgUser) values (3, 'Jeremie', 'Alderton', '24-818-6951', 'jalderton2@ycombinator.com', 'Quechua', 'https://robohash.org/molestiaeutincidunt.png?size=50x50&set=set1');
insert into users (id, firsName, lastName, DNI, email, password, imgUser) values (4, 'Claresta', 'Olman', '37-181-8556', 'colman3@nationalgeographic.com', 'Amharic', 'https://robohash.org/enimharumfacere.png?size=50x50&set=set1');
insert into users (id, firsName, lastName, DNI, email, password, imgUser) values (5, 'Javier', 'Spinage', '08-430-9284', 'jspinage4@mapy.cz', 'Swati', 'https://robohash.org/quisnonoccaecati.png?size=50x50&set=set1');
insert into users (id, firsName, lastName, DNI, email, password, imgUser) values (6, 'Basilio', 'Boatswain', '90-983-0010', 'bboatswain5@narod.ru', 'Azeri', 'https://robohash.org/cumqueenimaut.png?size=50x50&set=set1');
insert into users (id, firsName, lastName, DNI, email, password, imgUser) values (7, 'Antonin', 'Vesty', '87-879-7632', 'avesty6@howstuffworks.com', 'Khmer', 'https://robohash.org/ameteiusdolor.png?size=50x50&set=set1');
insert into users (id, firsName, lastName, DNI, email, password, imgUser) values (8, 'Artemis', 'Harden', '53-585-1629', 'aharden7@bbb.org', 'Chinese', 'https://robohash.org/autaspernaturvel.png?size=50x50&set=set1');
insert into users (id, firsName, lastName, DNI, email, password, imgUser) values (9, 'Frazier', 'Sainsbury-Brown', '94-903-9241', 'fsainsburybrown8@disqus.com', 'Malagasy', 'https://robohash.org/temporibusarchitectomagnam.png?size=50x50&set=set1');
insert into users (id, firsName, lastName, DNI, email, password, imgUser) values (10, 'Morie', 'Dailly', '09-372-1726', 'mdailly9@squidoo.com', 'Tetum', 'https://robohash.org/remdistinctioet.png?size=50x50&set=set1');












insert into products (id, name, categories, size, price, description, userOwnerId) values (1, 'Rubber', 3, 3, 903, 'La descripción también se puede definir como la representación verbal de los rasgos propios de un objeto. Al describir una persona, un animal, un sentimiento, etc. Se expresan aquellas características que hacen peculiar a lo descrito, y lo diferencia de otros objetos de otra o de la misma clase.', 9);
insert into products (id, name, categories, size, price, description, userOwnerId) values (2, 'Vinyl', 1, 4, 7762, 'La descripción también se puede definir como la representación verbal de los rasgos propios de un objeto. Al describir una persona, un animal, un sentimiento, etc. Se expresan aquellas características que hacen peculiar a lo descrito, y lo diferencia de otros objetos de otra o de la misma clase.', 9);
insert into products (id, name, categories, size, price, description, userOwnerId) values (3, 'Glass', 2, 3, 4973, 'La descripción también se puede definir como la representación verbal de los rasgos propios de un objeto. Al describir una persona, un animal, un sentimiento, etc. Se expresan aquellas características que hacen peculiar a lo descrito, y lo diferencia de otros objetos de otra o de la misma clase.', 9);
insert into products (id, name, categories, size, price, description, userOwnerId) values (4, 'Glass', 1, 2, 5177, 'La descripción también se puede definir como la representación verbal de los rasgos propios de un objeto. Al describir una persona, un animal, un sentimiento, etc. Se expresan aquellas características que hacen peculiar a lo descrito, y lo diferencia de otros objetos de otra o de la misma clase.', 6);
insert into products (id, name, categories, size, price, description, userOwnerId) values (5, 'Plastic', 2, 5, 5859, 'La descripción también se puede definir como la representación verbal de los rasgos propios de un objeto. Al describir una persona, un animal, un sentimiento, etc. Se expresan aquellas características que hacen peculiar a lo descrito, y lo diferencia de otros objetos de otra o de la misma clase.', 6);
insert into products (id, name, categories, size, price, description, userOwnerId) values (6, 'Rubber', 3, 4, 5581, 'La descripción también se puede definir como la representación verbal de los rasgos propios de un objeto. Al describir una persona, un animal, un sentimiento, etc. Se expresan aquellas características que hacen peculiar a lo descrito, y lo diferencia de otros objetos de otra o de la misma clase.', 6);
insert into products (id, name, categories, size, price, description, userOwnerId) values (7, 'Glass', 1, 1, 2257, 'La descripción también se puede definir como la representación verbal de los rasgos propios de un objeto. Al describir una persona, un animal, un sentimiento, etc. Se expresan aquellas características que hacen peculiar a lo descrito, y lo diferencia de otros objetos de otra o de la misma clase.', 10);
insert into products (id, name, categories, size, price, description, userOwnerId) values (8, 'Plexiglass', 1, 1, 1148, 'La descripción también se puede definir como la representación verbal de los rasgos propios de un objeto. Al describir una persona, un animal, un sentimiento, etc. Se expresan aquellas características que hacen peculiar a lo descrito, y lo diferencia de otros objetos de otra o de la misma clase.', 8);
insert into products (id, name, categories, size, price, description, userOwnerId) values (9, 'Steel', 1, 1, 4913, 'La descripción también se puede definir como la representación verbal de los rasgos propios de un objeto. Al describir una persona, un animal, un sentimiento, etc. Se expresan aquellas características que hacen peculiar a lo descrito, y lo diferencia de otros objetos de otra o de la misma clase.', 3);
insert into products (id, name, categories, size, price, description, userOwnerId) values (10, 'Steel', 2, 3, 7349, 'La descripción también se puede definir como la representación verbal de los rasgos propios de un objeto. Al describir una persona, un animal, un sentimiento, etc. Se expresan aquellas características que hacen peculiar a lo descrito, y lo diferencia de otros objetos de otra o de la misma clase.', 3);
insert into products (id, name, categories, size, price, description, userOwnerId) values (11, 'Plexiglass', 1, 1, 2122, 'La descripción también se puede definir como la representación verbal de los rasgos propios de un objeto. Al describir una persona, un animal, un sentimiento, etc. Se expresan aquellas características que hacen peculiar a lo descrito, y lo diferencia de otros objetos de otra o de la misma clase.', 9);
insert into products (id, name, categories, size, price, description, userOwnerId) values (12, 'Stone', 1, 4, 3865, 'La descripción también se puede definir como la representación verbal de los rasgos propios de un objeto. Al describir una persona, un animal, un sentimiento, etc. Se expresan aquellas características que hacen peculiar a lo descrito, y lo diferencia de otros objetos de otra o de la misma clase.', 7);
insert into products (id, name, categories, size, price, description, userOwnerId) values (13, 'Plastic', 1, 5, 178, 'La descripción también se puede definir como la representación verbal de los rasgos propios de un objeto. Al describir una persona, un animal, un sentimiento, etc. Se expresan aquellas características que hacen peculiar a lo descrito, y lo diferencia de otros objetos de otra o de la misma clase.', 6);
insert into products (id, name, categories, size, price, description, userOwnerId) values (14, 'Steel', 1, 5, 7292, 'La descripción también se puede definir como la representación verbal de los rasgos propios de un objeto. Al describir una persona, un animal, un sentimiento, etc. Se expresan aquellas características que hacen peculiar a lo descrito, y lo diferencia de otros objetos de otra o de la misma clase.', 2);
insert into products (id, name, categories, size, price, description, userOwnerId) values (15, 'Granite', 3, 4, 5844, 'La descripción también se puede definir como la representación verbal de los rasgos propios de un objeto. Al describir una persona, un animal, un sentimiento, etc. Se expresan aquellas características que hacen peculiar a lo descrito, y lo diferencia de otros objetos de otra o de la misma clase.', 4);
insert into products (id, name, categories, size, price, description, userOwnerId) values (16, 'Rubber', 2, 2, 2546, 'La descripción también se puede definir como la representación verbal de los rasgos propios de un objeto. Al describir una persona, un animal, un sentimiento, etc. Se expresan aquellas características que hacen peculiar a lo descrito, y lo diferencia de otros objetos de otra o de la misma clase.', 2);
insert into products (id, name, categories, size, price, description, userOwnerId) values (17, 'Vinyl', 1, 4, 3967, 'La descripción también se puede definir como la representación verbal de los rasgos propios de un objeto. Al describir una persona, un animal, un sentimiento, etc. Se expresan aquellas características que hacen peculiar a lo descrito, y lo diferencia de otros objetos de otra o de la misma clase.', 6);
insert into products (id, name, categories, size, price, description, userOwnerId) values (18, 'Glass', 1, 3, 5344, 'La descripción también se puede definir como la representación verbal de los rasgos propios de un objeto. Al describir una persona, un animal, un sentimiento, etc. Se expresan aquellas características que hacen peculiar a lo descrito, y lo diferencia de otros objetos de otra o de la misma clase.', 8);
insert into products (id, name, categories, size, price, description, userOwnerId) values (19, 'Granite', 3, 3, 9939, 'La descripción también se puede definir como la representación verbal de los rasgos propios de un objeto. Al describir una persona, un animal, un sentimiento, etc. Se expresan aquellas características que hacen peculiar a lo descrito, y lo diferencia de otros objetos de otra o de la misma clase.', 1);
insert into products (id, name, categories, size, price, description, userOwnerId) values (20, 'Steel', 2, 5, 4375, 'La descripción también se puede definir como la representación verbal de los rasgos propios de un objeto. Al describir una persona, un animal, un sentimiento, etc. Se expresan aquellas características que hacen peculiar a lo descrito, y lo diferencia de otros objetos de otra o de la misma clase.', 3);





insert into categories (id, name) values (1, 'coleccionable');
insert into categories (id, name) values (2, 'artesania');
insert into categories (id, name) values (3, 'arte');



insert into size (id, name) values (1, 'mini');
insert into size (id, name) values (2, 'pequeño');
insert into size (id, name) values (3, 'medio');
insert into size (id, name) values (4, 'grande');
insert into size (id, name) values (5, 'gigante');




insert into MOCK_DATA (id, name, productoId) values (1, 'https://robohash.org/doloresisteut.png?size=400x400&set=set1', 16);
insert into MOCK_DATA (id, name, productoId) values (2, 'https://robohash.org/autdoloremquesint.png?size=400x400&set=set1', 4);
insert into MOCK_DATA (id, name, productoId) values (3, 'https://robohash.org/providentipsaat.png?size=400x400&set=set1', 6);
insert into MOCK_DATA (id, name, productoId) values (4, 'https://robohash.org/reprehenderitperspiciatisodit.png?size=400x400&set=set1', 12);
insert into MOCK_DATA (id, name, productoId) values (5, 'https://robohash.org/excepturiinventoreexercitationem.png?size=400x400&set=set1', 6);
insert into MOCK_DATA (id, name, productoId) values (6, 'https://robohash.org/repellatnondolore.png?size=400x400&set=set1', 12);
insert into MOCK_DATA (id, name, productoId) values (7, 'https://robohash.org/officiisrerumipsa.png?size=400x400&set=set1', 8);
insert into MOCK_DATA (id, name, productoId) values (8, 'https://robohash.org/utveritatisnemo.png?size=400x400&set=set1', 5);
insert into MOCK_DATA (id, name, productoId) values (9, 'https://robohash.org/quiablanditiisfacilis.png?size=400x400&set=set1', 15);
insert into MOCK_DATA (id, name, productoId) values (10, 'https://robohash.org/velitaliquidreprehenderit.png?size=400x400&set=set1', 17);
insert into MOCK_DATA (id, name, productoId) values (11, 'https://robohash.org/pariaturadipiscivel.png?size=400x400&set=set1', 5);
insert into MOCK_DATA (id, name, productoId) values (12, 'https://robohash.org/nostrumharumet.png?size=400x400&set=set1', 11);
insert into MOCK_DATA (id, name, productoId) values (13, 'https://robohash.org/praesentiumeligendiipsam.png?size=400x400&set=set1', 4);
insert into MOCK_DATA (id, name, productoId) values (14, 'https://robohash.org/nonnullaet.png?size=400x400&set=set1', 12);
insert into MOCK_DATA (id, name, productoId) values (15, 'https://robohash.org/quiducimussunt.png?size=400x400&set=set1', 10);
insert into MOCK_DATA (id, name, productoId) values (16, 'https://robohash.org/adipiscicumeveniet.png?size=400x400&set=set1', 8);
insert into MOCK_DATA (id, name, productoId) values (17, 'https://robohash.org/utsedmolestiae.png?size=400x400&set=set1', 19);
insert into MOCK_DATA (id, name, productoId) values (18, 'https://robohash.org/vitaedoloressuscipit.png?size=400x400&set=set1', 9);
insert into MOCK_DATA (id, name, productoId) values (19, 'https://robohash.org/nihiloptioeum.png?size=400x400&set=set1', 20);
insert into MOCK_DATA (id, name, productoId) values (20, 'https://robohash.org/omnisidveniam.png?size=400x400&set=set1', 17);
insert into MOCK_DATA (id, name, productoId) values (21, 'https://robohash.org/iustoquisvero.png?size=400x400&set=set1', 16);
insert into MOCK_DATA (id, name, productoId) values (22, 'https://robohash.org/temporeutpossimus.png?size=400x400&set=set1', 7);
insert into MOCK_DATA (id, name, productoId) values (23, 'https://robohash.org/repellendusdictaveritatis.png?size=400x400&set=set1', 10);
insert into MOCK_DATA (id, name, productoId) values (24, 'https://robohash.org/repellendusenima.png?size=400x400&set=set1', 6);
insert into MOCK_DATA (id, name, productoId) values (25, 'https://robohash.org/adebitisnecessitatibus.png?size=400x400&set=set1', 5);
insert into MOCK_DATA (id, name, productoId) values (26, 'https://robohash.org/quiatotamet.png?size=400x400&set=set1', 11);
insert into MOCK_DATA (id, name, productoId) values (27, 'https://robohash.org/blanditiissedconsectetur.png?size=400x400&set=set1', 10);
insert into MOCK_DATA (id, name, productoId) values (28, 'https://robohash.org/voluptatemexplicaboeveniet.png?size=400x400&set=set1', 17);
insert into MOCK_DATA (id, name, productoId) values (29, 'https://robohash.org/repudiandaeeoslaudantium.png?size=400x400&set=set1', 20);
insert into MOCK_DATA (id, name, productoId) values (30, 'https://robohash.org/nequenonexcepturi.png?size=400x400&set=set1', 19);
insert into MOCK_DATA (id, name, productoId) values (31, 'https://robohash.org/porronecessitatibusvoluptas.png?size=400x400&set=set1', 9);
insert into MOCK_DATA (id, name, productoId) values (32, 'https://robohash.org/advoluptatemeum.png?size=400x400&set=set1', 17);
insert into MOCK_DATA (id, name, productoId) values (33, 'https://robohash.org/voluptasvoluptatemaut.png?size=400x400&set=set1', 6);
insert into MOCK_DATA (id, name, productoId) values (34, 'https://robohash.org/magninatusquisquam.png?size=400x400&set=set1', 19);
insert into MOCK_DATA (id, name, productoId) values (35, 'https://robohash.org/officiiseadolorem.png?size=400x400&set=set1', 14);
insert into MOCK_DATA (id, name, productoId) values (36, 'https://robohash.org/autullampariatur.png?size=400x400&set=set1', 9);
insert into MOCK_DATA (id, name, productoId) values (37, 'https://robohash.org/nobissuscipitassumenda.png?size=400x400&set=set1', 2);
insert into MOCK_DATA (id, name, productoId) values (38, 'https://robohash.org/occaecatiautemquae.png?size=400x400&set=set1', 14);
insert into MOCK_DATA (id, name, productoId) values (39, 'https://robohash.org/quismaximesequi.png?size=400x400&set=set1', 10);
insert into MOCK_DATA (id, name, productoId) values (40, 'https://robohash.org/ipsumconsecteturconsequuntur.png?size=400x400&set=set1', 10);